secondary_school_enrollment_percent_of_gross,life_expectancy_female,life_expectancy_male,tertiary_school_enrollment_percent_of_gross,government_health_expenditure_percent_of_gdp,birth_rate,hospital_beds_per_1000,prevalence_of_overweight_adult,fertility_rate,growth_rate,current_health_expenditure_percent_of_gdp,basic_drinking_water_rate_rural,basic_drinking_water_rate,prevalence_of_undernourishment,open_defecation_rate,open_defecation_rate_rural,open_defecation_rate_urban,prevalence_of_hiv,capital_health_expenditure_percent_of_gdp,human_development_index,year_num,country_name
1.1273245889020325,1.1599171807942243,1.165149801169468,1.0040273230196537,1.3900927961938063,-1.3053038241950674,1.925773563477783,0.704147353764445,-1.046741594055729,-0.9550964526258164,0.6200978809957043,0.8563938451237504,0.7755086806876812,-0.9153833376763507,-0.7645831853763521,-0.841342581930911,-0.7273616471232137,-0.3244778726320812,0.6369801561180263,0.894,2005,Canada
0.8212305346953848,0.8855888262385415,0.8161797922509451,1.6870732398277755,1.4017170141491742,-0.932005514062177,2.0435568787489755,0.8746896579523636,-0.6391547202578307,-0.9900060010974484,2.0061980356805464,0.7175849044386747,0.7509876336895414,-0.9153833376763507,-0.7645831853763521,-0.841342581930911,-0.7273616471232137,-0.29987939215878845,1.4468014408302399,0.9,2005,United States
0.20561426954859188,0.6550432770699458,0.5243686641035603,-0.5120463256348325,-0.19324742946461226,-0.08209309678608737,-0.48878439958166064,0.7196511995997102,-0.2915631105937349,-0.2319360925019102,-0.176098899879053,0.01132953143786383,0.38042695108560454,-0.6470644163261797,-0.2351560654415134,0.310192499989464,-0.13122674490690733,-0.41057255428860606,-0.8285429140019583,0.737,2005,Mexico
-1.1626743458967672,-0.7321803462472304,-0.544923577017126,-1.0396922798853894,-0.8450848417238159,0.17548273720560706,-1.242597617317292,-1.5904218298548258,0.08697843691716368,0.019512519520501526,-0.6850220053760732,-0.12701023242910298,-0.26086657177643335,1.781927924317473,3.7436867234589735,3.4763847037426943,3.493499937218708,-0.4597695152351917,-0.6567664248124894,0.536,2005,India
-0.863991631284804,-0.32068781441370625,-0.31749139879091737,-0.7845116976240336,-0.8569217722867137,-0.07945804989103156,-1.0777009759376226,-1.3010167075965393,-0.27648493574529265,-0.3539264649120739,-0.998412554485223,-0.5678141252551817,-0.46114036760374644,1.4429987605067305,1.1716351784037469,1.303082994701469,1.6268656156574366,-0.47206875547183813,-0.5240597438993924,0.632,2005,Indonesia
-0.03924159487593421,0.16158143289518365,0.26721386787635953,-0.5281983787995713,-0.37670221235569595,-0.5585974103086593,0.3003638127353282,0.4354140259531789,-0.8232671710388129,-0.6099600163556018,-0.28803055978001546,0.3733467919296195,0.512914308435732,-0.5340880283892656,-0.7271506690389102,-0.758770781361552,-0.7197641397079092,-0.5335649566550702,-0.8368803390229738,0.683,2005,Iran
-0.08110172806441146,-0.022438027340767525,-0.12988993537575175,-0.28193136865430035,-0.528624234567366,0.2591454761236255,0.8657237260370518,0.5852845356940771,0.12427707996331107,0.3662606728835959,-0.4035211043301771,0.8208886768818773,0.715194441623865,-0.3646234464838945,-0.6701194431877807,-0.7438709790183999,-0.5961445366276018,-0.5335649566550702,-0.6615191718164825,0.637,2005,Egypt
-1.4996632580589788,-1.6857457066827835,-1.8529594380324146,-1.3416384108336004,-0.5694595209089633,1.7432258461431196,-0.6466140420450587,-1.3165205534318047,1.5717818654137916,1.7985113653106786,-0.30594710212928783,-2.08612541588374,-2.327629460912979,2.7563492702733567,0.41328958911815056,0.2499363255816091,-0.17879642402371831,3.5866805226214757,0.4084107406944042,0.5,2005,Kenya
-2.0807242191217634,-2.5239834268631283,-2.4925372302399826,-1.0470428747918261,-0.7001989423030344,2.201175037779674,-0.6466140420450587,-1.197657735361437,2.478059532620178,1.5629192678712944,-0.5170972807496809,-2.2542816473407075,-2.30650958219854,-0.2657691070390948,1.1180273266935263,1.0340101652286302,1.8215902635779626,0.32738185991017826,-0.7214097467841157,0.465,2005,Nigeria
1.1436010570726531,1.1708903149764525,1.1892166983362613,1.0040273230196537,1.3470596366030987,-1.2723657380068711,1.8315469112608291,0.7351550454349758,-1.0127760212392376,-0.8540403071083134,0.6964244209827014,0.8595406102610321,0.7755070940411722,-0.9153833376763507,-0.7645831853763521,-0.841342581930911,-0.7273616471232137,-0.3244778726320812,0.7215232868597723,0.898,2006,Canada
0.9287138772332231,0.9075350946029964,0.8402466894177401,1.9309285530169316,1.4704653466720066,-0.8990674278739808,2.020000215694737,0.9056973496228944,-0.5986817246120112,-0.9247386187232579,2.0343938135604303,0.7175849044386747,0.7514478203947684,-0.9153833376763507,-0.7645831853763521,-0.841342581930911,-0.7273616471232137,-0.29987939215878845,1.4943468929904582,0.903,2006,United States
0.2916435035644443,0.6589936053755479,0.5191942812126987,-0.48967135859472016,-0.20971445845396364,-0.12579095779576097,-0.5241193941630183,0.750658891270241,-0.3225130484405381,-0.1699588580316722,-0.22111056289506098,0.08761717765422408,0.4199681079486025,-0.6894305618025226,-0.27322944475601557,0.23535047490919864,-0.16960264387405305,-0.41057255428860606,-0.8474926090426022,0.745,2006,Mexico
-1.1185434134775114,-0.6843374812127185,-0.4965491137118695,-1.0082473537929568,-0.8518575469572999,0.11806067361751835,-1.2308192857901727,-1.5697500354078053,0.029046501973147783,-0.0326708618140453,-0.7239409604258217,-0.09366089822814921,-0.22751273317946738,1.4994869544751879,3.512222278473749,3.274796526146146,3.225817774406768,-0.4597695152351917,-0.5700124756714456,0.546,2006,India
-0.7439077772258614,-0.2704308598591053,-0.2789843633240451,-0.7824114957881702,-0.819115358898823,-0.09493895039948398,-1.054144312883384,-1.2648410673142536,-0.2796592883449648,-0.36424094330751294,-0.9766191524366876,-0.5157448621967361,-0.40304997807987053,1.4147546635225021,1.0635504788483368,1.2030597826638192,1.5010325401961921,-0.47206875547183813,1.8539832762341648,0.642,2006,Indonesia
0.021663173966514498,0.20898537256240587,0.29850083419319146,-0.4218058220292659,-0.29233752509509153,-0.5455319694540082,0.3003638127353282,0.47675761484722,-0.8335838169877472,-0.6712595872031338,-0.3110974597558164,0.390516582982189,0.5251549599114059,-0.4917218829129229,-0.7278777185732872,-0.758770781361552,-0.7197641397079092,-0.5335649566550702,-0.7197414331501416,0.719,2006,Iran
-0.08110172806441146,-0.005649132041960661,-0.10654504512396235,-0.2893548970451433,-0.46927452927044977,0.2783593597334067,0.8657237260370518,0.6162922273646079,0.11951555106380272,0.31430927487862503,-0.42352776478103576,0.8274959871221232,0.7204521652632635,-0.42111164045235155,-0.6779614309566498,-0.7525559529494624,-0.6039954490155766,-0.5335649566550702,-0.6615191718164825,0.645,2006,Egypt
-1.4136651556115285,-1.5428754996301839,-1.6847318268365203,-1.1515658735067678,-0.5787414068721611,1.690964082724515,-0.07654279613248748,-1.2906808103730292,1.511469166020022,1.8271574444066152,-0.16680924469310418,-2.0486425387011358,-2.2801501435679628,2.4174201064626146,0.3769463613669747,0.2206989865844375,-0.19717941353769738,3.340695717888548,0.4084107406944042,0.515,2006,Kenya
-2.1049060793513137,-2.464509039595456,-2.4234652353712813,-1.166249250003773,-0.7919133003665667,2.1787771391717006,-0.6466140420450587,-1.1666500436909066,2.4566326525723916,1.6015113868251514,-0.5689033450632016,-2.175658404589016,-2.1959512971444224,-0.32225730100755173,1.088287474185513,1.023255759855398,1.7692174602556812,0.32738185991017826,-0.733515182023341,0.473,2006,Nigeria
1.1520633173640278,1.1928365833409076,1.2132835955030563,1.0230793631903317,1.3800017336851922,-1.239427651818675,1.7608769220981138,0.7609947884937514,-0.9550821627401971,-0.9141812239096613,0.7220334489718669,0.8626873748830856,0.7755635818752391,-0.9153833376763507,-0.7645831853763521,-0.841342581930911,-0.7273616471232137,-0.38597407381531323,1.2735557141736331,0.896,2007,Canada
0.9287138772332224,0.9404544971496781,0.8763470351679317,1.9309285530169316,1.514297498922511,-0.8990674278739808,1.9728868895862601,0.9367050412934251,-0.5891586668129949,-0.9449884480523951,2.0892637931664813,0.7175849044386747,0.7519053275018539,-0.9153833376763507,-0.7645831853763521,-0.841342581930911,-0.7273616471232137,-0.29987939215878845,1.717926838115408,0.906,2007,United States
0.33131101644303274,0.6594325307428375,0.5089658499168117,-0.4650901722378403,-0.1695846177972641,-0.16641459742786974,-0.4770060680545414,0.7816665829407717,-0.3502886336876691,-0.12416157973391874,-0.19343906594303803,0.16450731075207556,0.45918848286402636,-0.6894305618025226,-0.31073258966437967,0.16050844982893306,-0.20797854263304785,-0.41057255428860606,-0.9375797000810109,0.746,2007,Mexico
-1.0029894789367102,-0.6338610639744736,-0.44745264349160824,-0.9443097054179987,-0.8557742142150206,0.05569789710120003,-1.242597617317292,-1.5439102923490298,-0.031266197420622296,-0.08863113767505243,-0.753117239977274,-0.06033377395570396,-0.1944113722024548,1.2029239361407882,3.2817712696605725,3.073208347972172,2.9581356115948285,-0.4597695152351917,-0.5715177628049088,0.555,2007,India
-0.3624248538200194,-0.2199544426208588,-0.23939431748466866,-0.7623472042784712,-0.747167168319013,-0.11426262762989225,-1.0564999791888081,-1.228665427031968,-0.2836272290945548,-0.3730590099217489,-0.925752890063433,-0.46371959290184556,-0.34556946908355557,1.3441444210619309,0.9568231013073394,1.1030365700487434,1.3751994668164569,-0.47206875547183813,3.5266635755369733,0.643,2007,Indonesia
0.0024758120450999667,0.2539752227095375,0.3384518834900715,-0.23911012005058296,-0.36484551149660854,-0.5298314817043012,0.3003638127353282,0.5181012037412608,-0.8375517577373374,-0.7136048018666132,-0.36819022853326633,0.40768637454998613,0.536814491321714,-0.4634777859286943,-0.7285449891458329,-0.758770781361552,-0.7197641397079092,-0.5335649566550702,-0.7065978700316417,0.723,2007,Iran
-0.08110172806441146,0.011468957282314592,-0.08187647552799633,-0.27604635761952173,-0.5365722574825356,0.31887320574488803,0.7479404107658594,0.6524678676468939,0.1385616666618354,0.28337579983791805,-0.5223201458160703,0.8341068988052973,0.725664028703689,-0.4634777859286943,-0.6857693288633249,-0.7612409268227824,-0.6118463611954005,-0.5335649566550702,-0.6976957893484345,0.653,2007,Egypt
-1.3170268725578664,-1.3951771135374047,-1.5192719088148072,-1.1515658735067678,-0.5412350485181083,1.6294796551732151,-0.6466140420450587,-1.2648410673142536,1.4440141732769896,1.8434690863240473,-0.13604487675736224,-2.011271025450084,-2.232980557644249,2.5303964943995285,0.34078097321355955,0.19146164816469113,-0.21556240305167643,3.2177033155220838,0.4084107406944042,0.523,2007,Kenya
-2.2299416027855288,-2.404047070251383,-2.3548745784459166,-1.1254294605169466,-0.8391195091206948,2.1544029553924355,-0.6466140420450587,-1.1356423520203758,2.434412184374686,1.6342336512044908,-0.6554539392709069,-2.0965750525147926,-2.084922737789099,-0.3363793494996661,1.0583513048304631,1.0125013539047412,1.7168446569334006,0.2658856587269462,-0.8254552002831552,0.478,2007,Nigeria
1.1733565733089155,1.2038097175231341,1.2373504926698513,1.0296020403777628,1.4292014792214984,-1.2284482897559428,1.6313152752998021,0.7868345315525269,-0.9377025822569922,-0.7426970771583918,0.7623733482605148,0.8658341400203681,0.7756009095849132,-0.9153833376763507,-0.7645831853763521,-0.841342581930911,-0.7273616471232137,-0.38597407381531323,0.7015267419708209,0.898,2008,Canada
0.9287138772332224,0.9404544971496781,0.8883804837513283,1.9309285530169316,1.640063116707962,-0.932005514062177,1.9611085580591407,0.9677127329639559,-0.6272508980090602,-0.9529510441434437,2.170940409144733,0.7175849044386747,0.7523602927561758,-0.9153833376763507,-0.7645831853763521,-0.841342581930911,-0.7273616471232137,-0.28758015192214204,1.9061406083373078,0.911,2008,United States
0.4047343599922381,0.6580060232991474,0.49633072890424407,-0.43815704828750435,-0.13519327987312688,-0.20352484119990386,-0.5123410626358992,0.8075063259995473,-0.37409627818520974,-0.10988468254736569,-0.21025637459917582,0.23867302183108885,0.4970214103949475,-0.6329423678340654,-0.34769677557529327,0.08566642474866751,-0.2463544416001936,-0.41057255428860606,-0.7991242079237426,0.748,2008,Mexico
-0.8542273714345119,-0.580970557216138,-0.3979951698138451,-0.8694498774364412,-0.8327362120806964,-0.010837036998956114,-1.242597617317292,-1.5180705492902542,-0.09475324941406449,-0.15664682178363973,-0.7538292563172979,-0.02702886064222236,-0.16156557588663675,1.0758254997117602,3.0523489418801715,2.871620169798199,2.690453448782888,-0.4597695152351917,-0.5986075066721485,0.563,2008,India
-0.40514620776939314,-0.1706850701426584,-0.20016527510279247,-0.6503503671941994,-0.7934279417467223,-0.13589197089347435,-1.068278310715927,-1.1924897867496822,-0.2883887579940628,-0.3738317869691466,-0.9942990694250732,-0.4117383184009645,-0.288674348971936,1.188801887648674,0.8514213922768431,1.0030133580110931,1.249366391979665,-0.47206875547183813,5.259311939504865,0.647,2008,Indonesia
0.14332829064770441,0.296331520652936,0.38815002613950206,0.013856882634112892,-0.3861018047336152,-0.5122645024039298,-0.10009945918672597,0.5594447926353016,-0.8343774051376652,-0.726898157674645,-0.3119936477306262,0.4248561656025556,0.548061152207271,-0.5058439314050371,-0.7291791663880139,-0.758770781361552,-0.7197641397079092,-0.5335649566550702,-0.5357634132957375,0.728,2008,Iran
-0.08110172806441146,0.028587046606589846,-0.0566062335028627,-0.2870793128548279,-0.5489988920893303,0.3778323800217591,0.7243837477116208,0.6834755593174247,0.1766538978579007,0.32479732422503305,-0.5169904794185795,0.8407214119313989,0.7308538818490338,-0.47759983442080867,-0.69356257965982,-0.7699259007538448,-0.6196972735833751,-0.5335649566550702,-0.7798336555996739,0.66,2008,Egypt
-1.03593994145909,-1.2515387870920487,-1.3662064428339935,-1.1515658735067678,-0.5099593782885237,1.5578942145242018,-0.6466140420450587,-1.239001324255478,1.3686232990347766,1.8414854918753878,-0.12290844493146166,-1.9740108771610403,-2.1861258782485025,2.488030348923186,0.30479835713420134,0.16222430974494478,-0.23394539256565547,3.0947109131556196,0.4084107406944042,0.532,2008,Kenya
-2.0600353577089763,-2.3451213396928225,-2.289532952638069,-1.166249250003773,-0.8843180331898698,2.128381867303761,-0.6466140420450587,-1.09946671173809,2.4121917161769817,1.6613841262194187,-0.70875066297393,-2.017031591118037,-1.9734243295984288,-0.30813525251543755,1.0282179865890386,1.0017469479540837,1.664471855692628,0.2658856587269462,-0.8389107382391451,0.484,2008,Nigeria
1.1921898827186863,1.2367291200698158,1.273450838420043,1.0022533963006734,1.7432633274633138,-1.2284482897559428,1.5724236176642057,0.8126742746113025,-0.9478605105759431,-0.6524060123279141,1.0386323956776,0.8689809051576498,0.7756188010357704,-0.9153833376763507,-0.7645831853763521,-0.841342581930911,-0.7273616471232137,-0.38597407381531323,0.9952977793524919,0.898,2009,Canada
0.9130387457010017,0.9733738996963612,0.9365142780849183,1.9355298603801085,1.8788634152034247,-0.9869023243758374,1.9022169004235447,0.9935524760227314,-0.6828020685033223,-1.059141364116995,2.4114677180267696,0.7175849044386747,0.7528125751940075,-0.9153833376763507,-0.7645831853763521,-0.841342581930911,-0.7273616471232137,-0.28758015192214204,1.6658074777579561,0.912,2009,United States
0.38109573642077293,0.6555919337790582,0.48321426994834166,-0.41965387533596604,-0.041695408997223536,-0.23734127635311864,-0.5241193941630183,0.838514017670078,-0.3955231582329966,-0.13844179646187904,-0.10301582535666964,0.2907149015578164,0.5265666343904105,-0.5905762223577227,-0.38410780725408444,0.010824399668402037,-0.2847303405673393,-0.41057255428860606,-0.4005307783931181,0.748,2009,Mexico
-0.8900988592831953,-0.5265438116722911,-0.34865803062191647,-0.8311057113650216,-0.7954577253485706,-0.08055598609730494,-1.2072626227359342,-1.4973987548432337,-0.15982747770734254,-0.23996667056434307,-0.7611215312509478,0.00625384274275072,-0.12899367402212833,1.0334593542354173,2.824040337827307,2.670031991624225,2.422771285970949,-0.4597695152351917,-0.60508034385694,0.569,2009,India
-0.16507797330202562,-0.12339086181725897,-0.16189890860758926,-0.5598841489518787,-0.7843391359737224,-0.15971718656960318,-1.0305876498291457,-1.1511461978556412,-0.29394387504348907,-0.3647999750045157,-0.9756792932569806,-0.35980103714840944,-0.23241350834226576,0.9204829662985031,0.7474183942378453,0.9029901459734427,1.123533317767326,-0.41057255428860606,0.19100512101489048,0.658,2009,Indonesia
0.19871521925403648,0.3360542663925983,0.44723425868398287,0.021829159290399743,-0.22420400588810835,-0.4943681422416765,-0.10009945918672597,0.5956204329175875,-0.826441523638485,-0.7027570471606988,-0.009689343077644614,0.44202595717035276,0.5590396164082104,-0.4917218829129229,-0.7298058618650467,-0.758770781361552,-0.7197641397079092,-0.5335649566550702,-0.7156447986158475,0.734,2009,Iran
-0.5258615352986346,0.046034329956330375,-0.030734319048558053,-0.2657364921592682,-0.5495756278606782,0.4496374079120269,0.31214214426244746,0.7196511995997102,0.2314114802022445,0.4563809410399567,-0.5388029272689773,0.8473395259851996,0.7360500635576552,-0.4917218829129229,-0.7013597489325526,-0.7786108746271648,-0.6275481859713499,-0.5335649566550702,-0.6615191718164825,0.662,2009,Egypt
-1.0278829441883641,-1.1176665500688756,-1.2316724876716112,-1.3003135253701874,-0.4936586273714442,1.477086109742494,-0.6466140420450587,-1.2131615811967025,1.285296543293384,1.8163201948892609,-0.12839558449746685,-1.9368620933187768,-2.13964692961947,2.1349791366203297,0.26902556589964005,0.1329869713251986,-0.2523283822877854,3.033214711972388,0.4084107406944042,0.541,2009,Kenya
-1.874283420631661,-2.288829161337997,-2.2287640372919135,-1.166249250003773,-0.9190125743817597,2.100494287664421,-0.6466140420450587,-1.0684590200675592,2.388384071679441,1.6814112508869754,-0.7375243003872276,-1.937028020398749,-1.8615430665016703,-0.23752501005486623,0.9979490129910583,0.9909925425808517,1.6120990523703467,0.2658856587269462,-0.8297870546189358,0.49,2009,Nigeria
1.1759664671616492,1.2586753884342707,1.3095511841702345,0.9472964917065942,1.7263190001687065,-1.2504070138814072,1.5488669546099672,0.838514017670078,-0.980476983537574,-0.6982703822084784,1.0333288379312702,0.8721276697797032,0.7756184032477207,-0.9153833376763507,-0.7645831853763521,-0.841342581930911,-0.7273616471232137,-0.38597407381531323,1.158359731549396,0.901,2010,Canada
0.9538251529374095,0.9843470338785879,0.9605811752517133,1.9952792309256462,1.9054942837583821,-1.0417991346894977,1.8668819058421866,1.0245601676932619,-0.739146827147502,-1.1313033922271096,2.4178682547299886,0.7370674102409033,0.7590505451383689,-0.9153833376763507,-0.7645831853763521,-0.841342581930911,-0.7273616471232137,-0.28758015192214204,1.5894858920079118,0.916,2010,United States
0.43575540211556757,0.6528486502335008,0.4714214903366124,-0.3815817043233612,-0.03391412758048607,-0.26863245823190507,-0.48878439958166064,0.8643537607288536,-0.41456927383102926,-0.19768637209254156,-0.2007946501872294,0.3427567812845439,0.5558041648237395,-0.5623321253734942,-0.419984678488631,-0.06401762598928866,-0.3231062395344851,-0.41057255428860606,-0.5114655110636083,0.748,2010,Mexico
-0.7209619692091856,-0.4717878721029758,-0.3001632328308246,-0.7608289833966622,-0.8089050426683078,-0.15093369691941733,-1.1719276281545765,-1.4715590117844581,-0.22331452970078475,-0.33239556049132113,-0.8141948593699951,0.03951433619921527,-0.09668937859686111,0.9910932087590744,2.596817343612934,2.468443814027676,2.1550891231590095,-0.4597695152351917,-0.5850773920367698,0.579,2010,India
-0.07822421324968504,-0.07883993703741544,-0.12459521799905729,-0.5175088280132646,-0.8841298821688305,-0.18595786189953253,-1.054144312883384,-1.1149705575733555,-0.30108616839275126,-0.35165912786641773,-0.9339598661980854,-0.30790775068986537,-0.17698931253161734,0.5674317539956466,0.6450899343600853,0.8029669339357923,0.9977002435549869,-0.41057255428860606,-0.9209878411547034,0.665,2010,Indonesia
0.12274350814703001,0.3732531912703487,0.5124555500059965,0.2657066870821474,-0.30779033635793357,-0.4759228139762868,0.32392047578956673,0.6369640218116283,-0.8121569369399605,-0.6518040949916719,0.037354765570022076,0.45919574873814983,0.5697584222068618,-0.42111164045235155,-0.7304261574579158,-0.758770781361552,-0.7197641397079092,-0.5335649566550702,-0.7476877410084849,0.742,2010,Iran
-0.44136235339606306,0.06403027001518333,-0.004742070108420563,-0.23136660621949323,-0.6135052092101748,0.5245166571798594,0.31214214426244746,0.750658891270241,0.29410494404576876,0.6410236914017335,-0.5949240366241751,0.8539612409666993,0.7412507355080806,-0.5058439314050371,-0.7091598210725484,-0.7872958485582273,-0.6353990983593246,-0.5335649566550702,-0.6615191718164825,0.668,2010,Egypt
-1.2588356343751652,-0.9969620740643751,-1.1172343916435026,-1.1515658735067678,-0.4588291257577943,1.3877141025518551,-0.07654279613248748,-1.1821538895261718,1.1956210823526467,1.7729569698050256,-0.10625905190883386,-1.8998246739232931,-2.093492003816378,2.1491011851124435,0.23344380507433266,0.103749632328027,-0.27071137180176447,2.9102223096059237,-0.4334055540223538,0.551,2010,Kenya
-1.6335385811303291,-2.2356094605541945,-2.1728085013791154,-1.082866709444938,-0.965562824470956,2.069861867509399,-0.6466140420450587,-1.0374513283970286,2.3621956627321463,1.6944853408587328,-0.8081190619255771,-1.8565643398417013,-1.749213213701775,-0.16691476759429494,0.9674968237179374,0.9802381366301945,1.5597262490480652,0.2658856587269462,-0.3793805587560016,0.482,2010,Nigeria
1.2218647147717223,1.2696485226164975,1.345651529920428,1.017905323522907,1.6596117075244565,-1.261386375944139,1.5724236176642057,0.8643537607288536,-0.9938886232711885,-0.9025783711985657,0.9598308944283763,0.875274434916985,0.7755891227001782,-0.9153833376763507,-0.7645831853763521,-0.841342581930911,-0.7273616471232137,-0.38597407381531323,1.037050810423375,0.903,2011,Canada
0.9538251529374095,0.9953201680608147,0.9726146238351099,1.9952792309256462,1.8990323881096274,-1.074737220877694,1.7726552536252331,1.0503999107520374,-0.76811279461951,-1.2890684285485836,2.402757880958589,0.7565499165583586,0.7652255924798395,-0.9153833376763507,-0.7645831853763521,-0.841342581930911,-0.7273616471232137,-0.28758015192214204,1.6551427563280818,0.919,2011,United States
0.48985212063263844,0.6498859040042994,0.46191506595572757,-0.3512551288315126,-0.021211589719739396,-0.29893549752504595,-0.5005627311087799,0.895361452399384,-0.4328218012791436,-0.26419640466170174,-0.25506084328171424,0.39479866101127137,0.584760863330679,-0.5764541738656084,-0.4553669592617318,-0.1388596510695541,-0.3614821385016308,-0.41057255428860606,-0.8375065951931923,0.755,2011,Mexico
-0.5695978889041822,-0.41823897729370657,-0.25299211438390756,-0.5686337136606239,-0.7783352700598765,-0.21889594808772883,-0.9834743237206687,-1.4457192687256826,-0.28283364094463687,-0.42724999739171976,-0.8206099348912563,0.07275261921194374,-0.06464796957884963,0.9346050147906173,2.3706587338062763,2.266855635853703,1.887406960347069,-0.4597695152351917,-0.5162438857924772,0.588,2011,India
0.05158963751326144,-0.03725175848677496,-0.08813386879136374,-0.4307054914322187,-0.8685492533750444,-0.21549234584828203,-0.9952526552477879,-1.0736269686793145,-0.31060922619176756,-0.33612974461746903,-0.8845481899230758,-0.2560584574796473,-0.12326026603531463,0.24262463867701853,0.5455550978916235,0.7029437218981419,0.8718671693426477,-0.41057255428860606,-0.8861071834994277,0.673,2011,Indonesia
0.23879757409736285,0.40858668333712095,0.5797225275871872,0.4931816898345774,-0.2974186673943366,-0.4560501686427416,0.32392047578956673,0.6731396620939142,-0.7907300568921737,-0.600133838258723,0.007593150516412917,0.47636553979071866,0.5802166961430584,-0.37874549497600885,-0.7310389777213,-0.758770781361552,-0.7197641397079092,-0.5335649566550702,-0.5972013561210804,0.753,2011,Iran
-0.021474495631307787,0.08312352349225957,0.020889175374216702,-0.4106501214496627,-0.5725587503797179,0.5909417976593885,-1.1130359705189803,0.7868345315525269,0.3560048197393747,0.8388943923640315,-0.5441863514563583,0.8605865573911272,0.7464576008510849,-0.54821007688138,-0.7169636392283258,-0.7959808224315472,-0.6432500107472994,-0.5335649566550702,-0.5086128035819175,0.671,2011,Egypt
-1.2588356343751652,-0.8895350904203697,-1.0201244615754859,-1.0961755945797365,-0.450302356337937,1.2912055100204405,-0.6466140420450587,-1.1563141464673963,1.0995969162125658,1.7286999676475907,-0.18217641948404678,-1.8628986189745895,-2.0475323668425607,2.1067350396361006,0.1980052346947973,0.07451229390828074,-0.2890943613157435,2.8487261084226914,0.4084107406944042,0.559,2011,Kenya
-1.568912576706328,-2.1846941179486596,-2.1204630000413376,-1.0593847295783139,-0.9537255377210093,2.035167083391165,-0.6466140420450587,-1.0012756881147427,2.3328329011851787,1.7043699980143832,-0.8020849173735894,-1.7756405499621215,-1.6366895789040359,-0.12454862211795217,0.9370501308078099,0.9694837306795374,1.507353447807293,0.2658856587269462,0.08664594999306974,0.492,2011,Nigeria
1.5424369746002757,1.2915947909809524,1.3697184270872211,1.037918985366063,1.6973035703914772,-1.261386375944139,1.5606452861370868,0.8901935037876292,-0.9905555530415328,-0.7382322363727316,0.9861747225437995,0.8784211995390392,0.7754882029708311,-0.9153833376763507,-0.7645831853763521,-0.841342581930911,-0.7273616471232137,-0.38597407381531323,1.032313952608805,0.906,2012,Canada
0.9489415861706444,1.006293302243043,0.9846480724185082,1.9994567657494615,1.888540641980952,-1.085716582940426,1.7255419275167563,1.076239653810813,-0.7792230287183624,-1.278615342784825,2.3970161951092868,0.7760324223605864,0.7713276495762089,-0.9153833376763507,-0.7645831853763521,-0.841342581930911,-0.7273616471232137,-0.28758015192214204,1.6817943515256926,0.92,2012,United States
0.6094666064295209,0.646593963749631,0.45481533129152346,-0.3071958696443829,0.014430010705113988,-0.32945812405944097,-0.5123410626358992,0.9212011954581596,-0.45107432872725833,-0.32479173345931117,-0.21863038040033664,0.4468405407379989,0.613419712564209,-0.5905762223577227,-0.49023075633029484,-0.2137016761498197,-0.3998580374687766,-0.41057255428860606,-0.89479024110327,0.759,2012,Mexico
-0.43621551303426837,-0.367543097371816,-0.20810735116783502,-0.5100357851467721,-0.7804228134131456,-0.28169789908655657,-1.148370965100338,-1.419879525666907,-0.33600404698914443,-0.5147442873567252,-0.7999511877952185,0.10596869178093613,-0.03281745452518761,0.8498727238379318,2.1453099036037684,2.0652674576797296,1.6197247975351294,-0.4597695152351917,-0.5012327876493925,0.597,2012,India
0.11619408931298855,0.0019223305437764703,-0.05215385752700496,-0.269886935278988,-0.8434715824907768,-0.24854022565710537,-0.747907693178284,-1.0374513283970286,-0.323306636590456,-0.33030674419200623,-0.9032515082998075,-0.20425315906343944,-0.07006107129020459,0.059038008279533295,0.44719698493221127,0.6029205098604916,0.7460340949221579,-0.41057255428860606,-0.8703425875321156,0.681,2012,Indonesia
0.3349359099519595,0.44227420527655903,0.6436201395650277,0.7434809328649031,-0.2721402448934342,-0.43431103175853203,0.04124051913870501,0.714483250987955,-0.7629544716450428,-0.5551135727711118,0.010049006248664505,0.49353533135851646,0.590362422601776,-0.392867543468123,-0.7316315072574038,-0.758770781361552,-0.7197641397079092,-0.5335649566550702,-0.9705385346478396,0.768,2012,Iran
0.031019591849697523,0.10320435904573474,0.04555774497018101,-0.37516697761438017,-0.6193982205225274,0.6389216098735279,-1.1130359705189803,0.8178422232230573,0.40838163763396435,0.993798744262341,-0.4562889803934072,0.8672154747432543,0.7516462477588809,-0.5340880283892656,-0.7368183121600917,-0.8046657963626098,-0.7273616471232137,-0.5335649566550702,-0.6615191718164825,0.677,2012,Egypt
-1.2588356343751652,-0.7916547335149026,-0.9327616248600216,-1.0961755945797365,-0.44054774122162504,1.1906345535258143,-0.6466140420450587,-1.1253064547968656,1.0003983974728126,1.6812372070271555,-0.2314529310405483,-1.8260839284726662,-2.001806907307401,2.247955524557243,0.1627295609155571,0.045274955488534364,-0.3074773508297226,2.7872299072394595,0.4084107406944042,0.566,2012,Kenya
-1.4904785243281666,-2.134327432052236,-2.069561512533567,-1.166249250003773,-0.9288347846079998,1.995970760827212,-0.6466140420450587,-0.9702679964442121,2.297915022588786,1.7090401774190507,-0.7923633059896225,-1.6942566507600099,-1.5239659197969555,-0.02569428267315221,0.9066097739615172,0.9587293253063053,1.4549806444850117,0.2658856587269462,-0.5938720156695719,0.5,2012,Nigeria
1.5182199301721242,1.3025679251631805,1.3817518756706195,1.0905998596934734,1.6808446647648183,-1.2833451000696032,1.4781969654472522,0.9160332468464047,-1.0121411507193032,-0.7830717084308928,0.9609788986140098,0.8815679646763209,0.7753826468865932,-0.9153833376763507,-0.7645831853763521,-0.841342581930911,-0.7273616471232137,-0.34907635310537405,0.718928906844831,0.913,2013,Canada
0.8759915161453328,1.006293302243043,0.9846480724185082,2.0024733125075445,1.9060401576454422,-1.10767530706589,1.6784286014082792,1.107247345481344,-0.797475556166477,-1.341119442278361,2.3694128130921874,0.7955149286780425,0.7773582837638886,-0.9153833376763507,-0.7645831853763521,-0.841342581930911,-0.7273616471232137,-0.28758015192214204,1.6175524793216727,0.918,2013,United States
0.7379342471221786,0.6430825608113186,0.4501222863439983,-0.2749136954024735,0.058594270993875056,-0.3612982740413639,-0.5123410626358992,0.9470409385169352,-0.470120444325291,-0.38575723607036305,-0.18278981973304842,0.4988824204647264,0.6417933484097723,-0.661186464818294,-0.5245937008070908,-0.2885437012878277,-0.4382339364359223,-0.41057255428860606,-0.9688046909213578,0.756,2013,Mexico
-0.4484673509892771,-0.32079754575552905,-0.16574961215427597,-0.5284785890979679,-0.806017227445841,-0.3373632647446079,-1.148370965100338,-1.3940397826081314,-0.3820321596843902,-0.5892783224405552,-0.6954049587739803,0.13916255442142073,-0.0012171461100559146,0.863994772330046,1.9208601332780544,1.8636792800831812,1.3520426351394914,-0.4597695152351917,-0.13170141169246033,0.604,2013,India
0.2217220009342716,0.038792061396060076,-0.016414515234315266,-0.2451467970468198,-0.8244675863519415,-0.2849917077053759,-0.5594543887443761,-0.9961077395029877,-0.3383848114388986,-0.34707424831482586,-0.9144313243101664,-0.15249185441078592,-0.017411036464778287,-0.0963045251337235,0.350041356523009,0.502897297245416,0.6202010207098188,-0.41057255428860606,-0.7381263785602693,0.687,2013,Indonesia
0.27936808667005986,0.47486441379777383,0.7004180168786623,0.8546392950897138,-0.26183998185819013,-0.411693545909304,0.04124051913870501,0.750658891270241,-0.7280365930486496,-0.5025710217203979,-0.15057495707476515,0.5107051224110852,0.6002246426853229,-0.5199659798971514,-0.7322080298429767,-0.758770781361552,-0.7197641397079092,-0.5335649566550702,-0.9567236532762143,0.771,2013,Iran
0.10975703886193336,0.12416304533378919,0.06902296970780496,-0.2820152310094577,-0.5861757008239281,0.6619782702052652,-1.1130359705189803,0.8540178635053433,0.4432995162303575,1.0754402409919341,-0.4047610798543215,0.8738479935383096,0.7568457894248153,-0.5764541738656084,-0.7433732830933852,-0.8133507702359297,-0.7273616471232137,-0.5335649566550702,-0.6372720637350571,0.683,2013,Egypt
-1.2588356343751652,-0.7003582571187705,-0.849490160662912,-1.0961755945797365,-0.4252920775752796,1.089844009789934,-0.6466140420450587,-1.09946671173809,0.9019934668829772,1.6134190462233435,-0.254915116641985,-1.7893806029327508,-1.956274405228836,1.8525381667780445,0.12760570137102814,0.016037616491362865,-0.3258603403437016,2.6642375048729954,0.39356409566184836,0.573,2013,Kenya
-1.0546822508996876,-2.0835218207885235,-2.018660025025796,-1.166249250003773,-0.9499334555010159,1.9519435189556567,-0.6466140420450587,-0.9340923561619264,2.2590292032428025,1.7028700416210505,-0.7772196462388805,-1.6124126417201377,-1.4110779774436975,0.002549814311076208,0.8762084984472963,0.9479749193556481,1.4026078411627305,0.2658856587269462,-0.28986693077456677,0.519,2013,Nigeria
1.5108367747783644,1.3025679251631805,1.3937853242540161,1.1015376519725761,1.6324318589781754,-1.2833451000696032,1.4193053078116558,0.9418729899051803,-1.0162678090988768,-0.8617067481404092,0.9220036946143472,0.8847147292983751,0.7752731489673786,-0.9153833376763507,-0.7645831853763521,-0.841342581930911,-0.7273616471232137,-0.34907635310537405,0.5168259348491658,0.918,2014,Canada
0.9116314514408743,1.0172664364252695,0.9966815210019049,1.9985930429681846,2.0181397860730037,-1.0966959450031581,1.6077586122455638,1.1330870885401196,-0.7935076154168869,-1.2789811364071408,2.4164024546786287,0.8149974344802703,0.7833123418209901,-0.9153833376763507,-0.7645831853763521,-0.841342581930911,-0.7273616471232137,-0.28758015192214204,1.421381556803042,0.92,2014,United States
0.9318573919578432,0.6397906205566504,0.44831726905648867,-0.24396068001296412,-0.02957992867230172,-0.3948951219533241,-0.5123410626358992,0.9780486301874659,-0.4915473243730778,-0.443860507657475,-0.2464565034808462,0.5509243007066815,0.6698812572187233,-0.6470644163261797,-0.5584558138378708,-0.36338572642583566,-0.476609835403068,-0.41057255428860606,-0.9464527445519335,0.761,2014,Mexico
-0.18855228113967493,-0.2785509791539533,-0.12640023528656696,-0.4646586677082885,-0.8092751593116373,-0.38479410885561033,-1.1130359705189803,-1.3630320909376008,-0.42012439088045517,-0.6463990298937046,-0.7277268591871435,0.1723342066181685,0.030146602000139733,0.8357506753458176,1.6973388583276285,1.6620911019092075,1.0843604723275517,-0.4474702749985453,-0.24974724003577717,0.616,2014,India
0.22388242125506783,0.07335743407007585,0.018482485657536008,-0.25169326497330285,-0.7571975756201972,-0.3240782366487023,-0.6183460463799724,-0.9547641506089468,-0.3566373388870133,-0.3928336687683951,-0.8907919652177876,-0.10077454352168672,0.03472299130712588,-0.18103681608640915,0.2540470144583805,0.4028740852077656,0.49436794649747984,-0.41057255428860606,-0.8877301018900716,0.69,2014,Indonesia
0.3491400104035375,0.5064670402425882,0.7481908077547504,1.1680690484996337,0.16665802440143446,-0.3907229643694859,0.04124051913870501,0.7868345315525269,-0.6899443618525843,-0.44319318611594366,0.053576239019565874,0.5278749139788823,0.6098549471865338,-0.5764541738656084,-0.7327792096020974,-0.758770781361552,-0.7197641397079092,-0.5335649566550702,-0.5227493129007359,0.774,2014,Iran
0.1328581362996883,0.14599958235642133,0.0910441806154229,-0.24497528068746752,-0.5687460897402308,0.6572571445182905,0.1119105083014205,0.8901935037876292,0.4591712792287181,1.0620879708963746,-0.37791349986102557,0.8804841137762914,0.7620549533133304,-0.6188203193419513,-0.7499402111827926,-0.8220357441669922,-0.7273616471232137,-0.5335649566550702,-0.6372720637350571,0.685,2014,Egypt
-1.2588356343751652,-0.6160845865992647,-0.7695880620691536,-1.0961755945797365,-0.35518015379073753,0.9917983065697364,-0.6466140420450587,-1.0684590200675592,0.8067628888928139,1.5225904635496437,-0.269868492581099,-1.7527886413243876,-1.9109988298171496,1.683073584872673,0.0926634623765001,-0.013199721928383508,-0.34424332985768064,2.6027413036897635,0.4084107406944042,0.58,2014,Kenya
-1.5656526041264178,-2.032606478182989,-1.967758537518025,-1.166249250003773,-0.9665350389354913,1.903744119500263,-0.6466140420450587,-0.8979167158796405,2.2145882668473926,1.6846105212245202,-0.7952101195480278,-1.5301085238729615,-1.298018697221246,0.04491595978741909,0.8458475201458369,0.9372205139824161,1.3502350388812037,0.2658856587269462,-0.7686254213806303,0.523,2014,Nigeria
1.560257863300362,1.3135410593454073,1.4058187728374145,1.069343131734858,1.76604295610844,-1.2943244621323355,1.3604136501760598,0.9677127329639559,-1.0311872663173358,-1.259069937149099,1.0426241871972741,0.8878614944356569,0.7751596293981075,-0.9153833376763507,-0.7645831853763521,-0.841342581930911,-0.7273616471232137,-0.34907635310537405,0.6006171481430516,0.921,2015,Canada
0.9467869132163181,1.006293302243043,0.9726146238351099,2.008826629371348,2.0999571001603456,-1.10767530706589,1.5724236176642057,1.1589268315988952,-0.8085857902653294,-1.2745996935448756,2.483780869804095,0.8344799402824981,0.7891875393627423,-0.9153833376763507,-0.7645831853763521,-0.841342581930911,-0.7273616471232137,-0.28758015192214204,1.4096534129294402,0.921,2015,United States
1.1003572822476155,0.6372667996947384,0.4496409484006618,-0.2157049396634641,0.006817473860211883,-0.42991928693343934,-0.5476760572172569,1.0038883732462418,-0.5137677925707825,-0.49989352156084965,-0.20430737496017842,0.6029661804334098,0.6976760625330509,-0.5623321253734942,-0.591807956014474,-0.4382277516215862,-0.5149857343702138,-0.41057255428860606,-1.0177634266827345,0.766,2015,Mexico
-0.20187548715281145,-0.24080339756709201,-0.09017955505054079,-0.41254958892477567,-0.7842285571299442,-0.4242100186608187,-1.042365981356265,-1.3371923478788252,-0.4502807405773404,-0.6905503756309724,-0.7336761574667033,0.2054836483711802,0.061259537664628126,0.8075065783615889,1.4748064383797133,1.460502923735234,0.8166783095156118,-0.4351710347618989,-0.31246037573807206,0.624,2015,India
0.39001668076726237,0.10561844856582538,0.052176141691048644,-0.15989982087612403,-0.6938161240090691,-0.36492146352206556,-0.5712327202714954,-0.9082526131031509,-0.375683454485046,-0.4589829167984371,-0.9007592806357361,-0.04910122691137017,0.08631248199716769,-0.27989115553120897,0.1592500628099306,0.3028508731701154,0.3685348722851407,-0.41057255428860606,-0.5563182581711111,0.695,2015,Indonesia
0.37778363227957845,0.5368626219273579,0.7866978432216211,1.3879591175659671,0.3608667147490066,-0.37579103196417035,0.04124051913870501,0.8230101718348125,-0.6518521306565191,-0.3845859749841631,0.2474485529746173,0.5450447055466795,0.6192476776025846,-0.604698270849837,-0.7333429226892328,-0.758770781361552,-0.7197641397079092,-0.5335649566550702,0.7277882746532445,0.774,2015,Iran
0.3845733352427507,0.16827504474634308,0.11150104320719854,-0.0906186609910267,-0.4987435613392728,0.6250876136744853,0.1119105083014205,0.9212011954581596,0.45520333847912803,0.9819611370010476,-0.3004202060384234,0.8871238344267449,0.7672744242892895,-0.6470644163261797,-0.7565195857685767,-0.8307207180403122,-0.7273616471232137,-0.5335649566550702,-0.9091222301648672,0.691,2015,Egypt
-1.2588356343751652,-0.5397115726909628,-0.693777335993751,-1.0962145779360548,-0.3301167763480391,0.900230426966551,-0.6466140420450587,-1.0374513283970286,0.7162938398021589,1.4188217630513325,-0.32958420648542136,-1.7163080446780323,-1.8659659321499213,1.7678058758253588,0.05790209923378098,-0.042437060348129885,-0.3626263193716597,2.4797489013232994,0.668401045287325,0.587,2015,Kenya
-1.509734965173549,-1.9820203296029213,-1.9170977189819223,-1.166249250003773,-0.9117103645455852,1.8522509114260493,-0.6466140420450587,-0.8617410755973547,2.166179389702393,1.6576073761170953,-0.7370881905967216,-1.4473442961880256,-1.1847810933792697,0.030793911295304628,0.8155280671962355,0.926466108031759,1.297862236183375,0.2658856587269462,-1.1928460632326991,0.526,2015,Nigeria
1.6644550385303396,1.3135410593454073,1.4058187728374145,1.1337446623482965,1.8032632771125086,-1.3053038241950674,1.3368569871218212,0.9883845274109759,-1.046820952870721,-0.6668422836576994,1.1147348880487271,0.891008259057711,0.77504210040851,-0.9153833376763507,-0.7645831853763521,-0.841342581930911,-0.7273616471232137,-0.34907635310537405,0.4639793450854842,0.923,2016,Canada
1.0007447370435962,0.9953201680608147,0.9485477266683149,2.006707766674542,2.1401036547985584,-1.1296340311913544,1.5370886230828482,1.1847665746576708,-0.826838317713444,-1.2923066360476314,2.563480933220598,0.8539624465999541,0.7949793391594346,-0.9153833376763507,-0.7645831853763521,-0.841342581930911,-0.7273616471232137,-0.34907635310537405,1.3825875882720846,0.922,2016,United States
1.1762357828599248,0.6360597549346924,0.453972989890685,0.04211373817450625,-0.046627986827427366,-0.46593159449920046,-0.5476760572172569,1.0297281163050174,-0.5367818489184053,-0.5580485824934951,-0.24644439858338657,0.6550080601601372,0.7251878686841556,-0.44935573743658014,-0.624662617580465,-0.5130697767595943,-0.5533616331292086,-0.41057255428860606,-0.9911857247585163,0.768,2016,Mexico
-0.142664349315597,-0.20711587562765393,-0.05684690247453009,-0.41020188905671445,-0.7771171486528492,-0.45637954950462356,-1.1601492966274574,-1.3061846562082946,-0.47329479692496307,-0.7311102423294734,-0.756411613703079,0.23861088019568408,0.09210891106837998,0.7368963359010176,1.2533239501783071,1.2589147455612604,0.5489961469118227,-0.4228717945252525,-0.1892119483934397,0.63,2016,India
0.3334872788637284,0.13546537354148272,0.08382411146538422,-0.07466741653309658,-0.6104815909729292,-0.40609407125731084,-0.5594543887443761,-0.8669090242091099,-0.39711033453283245,-0.53145795919505,-0.8765726179168122,0.0025280959353927673,0.13736081294174882,-0.30813525251543755,0.06564517530005529,0.202827661132465,0.24270179786465085,-0.34907635310537405,-0.4978486465795244,0.703,2016,Indonesia
0.42592335281455185,0.5659414275102603,0.8170221336517834,1.258339439221135,0.5240152816510408,-0.3718384616215867,0.2768071496810897,0.8591858121170984,-0.6185214283599618,-0.32336288061824325,0.5044980414657457,0.5622144965992489,0.6284110883573423,-0.5764541738656084,-0.7359662412835265,-0.758770781361552,-0.7273616471232137,-0.5335649566550702,0.7277882746532447,0.784,2016,Iran
0.3428713283164967,0.19055050713626487,0.13051389196896646,-0.13619339025575908,-0.5032039538718562,0.5696418352576884,-0.04120780155112973,0.9573768357404455,0.4345700465812595,0.8871408845165399,-0.2935948357145978,0.893767157035354,0.7725045930603704,-0.6188203193419513,-0.7631114311377051,-0.8394056919713746,-0.7273616471232137,-0.5335649566550702,-0.6870847152893004,0.696,2016,Egypt
-1.2588356343751652,-0.4727754541793763,-0.6241036686958805,-1.0105716346522653,-0.2944262327587134,0.8184341795991974,-0.6466140420450587,-1.006443636726498,0.63534784851052,1.309973198715645,-0.34911476668580727,-1.6799388124784573,-1.8211873240336494,2.007880700191301,0.0233313022131713,-0.07167439876787615,-0.3810093090937896,2.4182527001400675,-0.12526082272813768,0.591,2016,Kenya
-1.7405335448862373,-1.9328606884665427,-1.8677605797899937,-1.0592161052806797,-0.9554137762427932,1.7988912118011708,-0.6466140420450587,-0.8307333839268242,2.1138025718078035,1.6273355639489133,-0.720715948459288,-1.3641199591805573,-1.0714192200356316,0.059038008279533295,0.7852993410112404,0.9157117020811016,1.2454894334855466,0.2658856587269462,-0.5342366842991281,0.526,2016,Nigeria
1.72474859705351,1.3135410593454073,1.4058187728374145,1.2305417449444407,1.7591949881685591,-1.3382419103832637,1.2544086664319862,0.9408394001828287,-1.084278313546852,-0.5635370701091584,1.068053077687916,0.8941550241949927,0.7749225174679953,-0.9153833376763507,-0.7645831853763521,-0.841342581930911,-0.7273616471232137,-0.34907635310537405,0.2874149134831926,0.926,2017,Canada
1.0095533130070986,0.9953201680608147,0.9485477266683149,1.9806830772256885,2.122816173837215,-1.1735514794422826,1.6548719383540407,1.120684011871907,-0.8704856659589354,-1.4335051918214892,2.5539024378601116,0.873444952402182,0.8006872198383786,-0.9153833376763507,-0.7645831853763521,-0.841342581930911,-0.7273616471232137,-0.34907635310537405,1.5228819551149513,0.924,2017,United States
1.271896276771122,0.6361694862765152,0.46071172109738895,0.11210311862275563,-0.08101511944640832,-0.5018341084443345,-0.5594543887443761,0.970813502131009,-0.559795905266028,-0.6183324819022421,-0.27030282048291643,0.7070499398868647,0.7524097510703561,-0.4069895919602374,-0.6570141418941864,-0.5879118019553449,-0.5917375320963544,-0.41057255428860606,-1.0450389715553248,0.771,2017,Mexico
-0.2206480071094881,-0.1760619058919505,-0.026161608586867467,-0.38631145193899535,-0.7668347830593124,-0.4837181610408267,-1.1012576389918611,-1.2545051700907432,-0.4915473243730778,-0.7726877639497025,-0.8978496903424587,0.27171590157645115,0.12268499764528645,0.6804081419325607,1.0329307363127698,1.0573265679647121,0.281313984099883,-0.4228717945252525,-0.29628045686142035,0.64,2017,India
0.4352385075538234,0.16300794033887378,0.11294505703720628,-0.03541269709749495,-0.6203392092557892,-0.4464981236481647,-0.5005627311087799,-0.5837054402849295,-0.41774362643070134,-0.599568096552617,-0.9057648025668796,0.05411342450337307,0.1878366959866495,-0.3646234464838945,-0.026735011826211387,0.10280444909481463,0.11686872365231173,-0.34907635310537405,-0.4269753869994808,0.707,2017,Indonesia
0.39913104610086275,0.5932645316240074,0.8422923756769171,1.1991085283563825,0.5273721530870548,-0.381829681098673,0.1119105083014205,0.8250773512795152,-0.592333019412667,-0.2787043609814321,0.46891131532174835,0.5793842881670461,0.6373418034017444,-0.5340880283892656,-0.7382979122845277,-0.7695042005746638,-0.7273616471232137,-0.5335649566550702,0.7277882746532447,0.787,2017,Iran
0.41858956582516055,0.21260650684254104,0.14868439932989597,-0.08530232296564406,-0.46912299657600226,0.5008012351243585,-0.04120780155112973,0.7661627371055062,0.4028265205845384,0.8036946163319796,-0.22663520424968012,0.9004140805716631,0.777753155344896,-0.5764541738656084,-0.7645831853763521,-0.841342581930911,-0.7273616471232137,-0.5335649566550702,-0.6428613253067258,0.698,2017,Egypt
-1.2588356343751652,-0.41538596240632786,-0.5629737498922218,-1.0090912187417314,-0.4563095121945237,0.7473977070533206,-0.6466140420450587,-1.0674254303452082,0.5631313268679797,1.2112553555895174,-0.5979631523066756,-1.6436809452408903,-1.776674507850937,2.2055893790809007,-0.011039308900865265,-0.10091173776504765,-0.39939229860776865,2.2952602977736034,1.1827635617110124,0.595,2017,Kenya
-1.5076574395615119,-1.8858956741666095,-1.820830130314744,-0.9512435014454563,-0.9333193327504374,1.7452021313144115,-0.6466140420450587,-0.8989503056019919,2.0590449894634597,1.5966385006745285,-0.6944284887500035,-1.280435512335329,-0.9578844762445679,0.1437702992322188,0.7551309897764752,0.9049572967078697,1.193116630579567,0.2658856587269462,-0.7831422888494824,0.531,2017,Nigeria
1.7421642227329524,1.3354873277098622,1.4178522214208111,1.2769464736178449,1.7668550970492944,-1.3602006345087279,1.2779653294862248,0.9408394001828287,-1.0821356255420733,-0.236951414554404,1.0608337233135718,0.8973017888170463,0.7747998050040226,-0.9153833376763507,-0.7645831853763521,-0.841342581930911,-0.7273616471232137,-0.34907635310537405,0.28803788076205195,0.928,2018,Canada
1.025162570877423,1.006293302243043,0.9605811752517133,1.9858200925554652,2.1075547537485657,-1.1955102035677467,1.6195369437726832,1.120684011871907,-0.8990548393559844,-1.596453830016558,2.5243543085011515,0.8929274587196381,0.8063068025126789,-0.9153833376763507,-0.7645831853763521,-0.841342581930911,-0.7273616471232137,-0.34907635310537405,1.4848642503704865,0.925,2018,United States
1.306584212389113,0.6380349190874933,0.4693758040774336,0.16253547072552466,-0.11401538608652684,-0.5365288925625677,-0.5712327202714954,0.8757232476747148,-0.5820163734637327,-0.6759462069968435,-0.28993377368567075,0.7590918196135923,0.7777285832432819,-0.392867543468123,-0.6888696088748998,-0.6627538270933528,-0.6301134310635002,-0.41057255428860606,-0.9830102242458421,0.776,2018,Mexico
-0.17706049555878267,-0.14676363762540404,0.002598333527452651,-0.36220615470921125,-0.7972941338526645,-0.5085315193026011,-1.070633977021351,-1.1738851717473635,-0.5082126755213563,-0.8118591355706123,-0.8939232289344647,0.3047987130287105,0.15296992332358,0.7086522389167892,0.8137124730842492,0.8557383897907385,0.013631821287943189,-0.41057255428860606,-0.6358219872635517,0.642,2018,India
0.5246203720129351,0.18857534298346387,0.1392983094348457,-0.04061246050152115,-0.6027178814505966,-0.48492589086772714,-0.5476760572172569,-0.19404211495859439,-0.4375833301786519,-0.6635309124773158,-0.9148717643888261,0.10565475879257148,0.23776458930389602,-0.3646234464838945,-0.11792332006907091,0.0027812370571642484,-0.008964350560027224,-0.34907635310537405,-0.5218467044306052,0.712,2018,Indonesia
0.3576996811881943,0.6187222029267746,0.8653965969570407,0.9913124814870733,0.3512843639453664,-0.40686262660170186,0.1024878430797251,0.7868345315525269,-0.5756676682643885,-0.2769483812325452,0.47758697546624207,0.5965540792196157,0.646036597949173,-0.5058439314050371,-0.7379556291981617,-0.7695042005746638,-0.7273616471232137,-0.5335649566550702,0.15245244605621536,0.785,2018,Iran
0.47637749361816156,0.2340041184978851,0.16625323426165614,0.060494909242346066,-0.5928833195766984,0.42712971568342634,0.3003638127353282,0.7661627371055062,0.3679086419881452,0.7153838068143719,-0.39722843908674155,0.9051027975732046,0.781410354950528,-0.54821007688138,-0.7645831853763521,-0.841342581930911,-0.7273616471232137,-0.5335649566550702,-0.6209820225246135,0.701,2018,Egypt
-1.2588356343751652,-0.36710417200452794,-0.511711258926949,-1.0961755945797367,-0.42642998029697377,0.6872308029495491,-0.6466140420450587,-1.0674254303452082,0.49964427487453755,1.1334179224225231,-0.5569851701265501,-1.6075344419348754,-1.7324159831501917,2.177345282096672,-0.04520851623564746,-0.13014907618479402,-0.4177752881217477,2.1722678954071393,1.0243924228496513,0.599,2018,Kenya
-1.6676838327216663,-1.8418934060958783,-1.7770283774711775,-0.9968755292182754,-0.9467679943890359,1.692610987033925,-0.6466140420450587,-0.8989503056019914,2.0034938189691975,1.5642420380653155,-0.8593456640013332,-1.1962909566827968,-0.8442094909248751,0.24262463867701853,0.72505650652297,0.8942028907572126,1.1407438278817383,0.20438945754371424,-0.20001095910166408,0.534,2018,Nigeria
1.7522932193018146,1.3354873277098622,1.4178522214208111,1.4946739645043647,1.7770106294137313,-1.3821593586341918,1.2426303349048673,1.0214593985262086,-1.1062607052995812,-0.23316697596842462,1.0703163326555103,0.9004485539543287,0.7746722714518736,-0.9153833376763507,-0.7645831853763521,-0.841342581930911,-0.7273616471232137,-0.31217863239543486,0.3576288998408025,0.929,2019,Canada
1.063207557989852,1.0282395706074978,0.9726146238351099,1.9698205231588413,2.1276930447789884,-1.217468927693211,1.652516272048617,1.120684011871907,-0.918497749028976,-1.7054673228039268,2.5442532169484524,0.9124099645218658,0.8118374248459224,-0.9153833376763507,-0.7645831853763521,-0.841342581930911,-0.7273616471232137,-0.34907635310537405,1.546729236518012,0.926,2019,United States
1.284558167218802,0.6418755160512741,0.4796042353733223,0.21351575328708505,-0.11130976245447756,-0.5700159468539006,0.4157914617010968,0.8757232476747148,-0.6026496653616012,-0.729717825128285,-0.27640953220287756,0.8111336993403198,0.7911253838006357,-0.25164705854698044,-0.7376633307754247,-0.7375958522891034,-0.7273616471232137,-0.34907635310537405,-1.072839073243251,0.779,2019,Mexico
-0.20538432806946813,-0.1184529514352565,0.02967359284009594,-0.3422353905424108,-0.7588126808979404,-0.5319175604962205,-0.9128043345579532,-1.105668250072196,-0.5240844385197169,-0.8495499986426855,-0.878395674206868,0.3378593140372337,0.18294961747742602,0.8922388693142747,0.5957298173863231,0.6541502116167648,-0.2540503413158458,-0.41057255428860606,-0.7209551878279911,0.645,2019,India
0.41583525096869944,0.21260650684254104,0.16300420314413874,-0.20170069955111672,-0.5928655600138485,-0.5207186111922337,-0.514696728941323,0.48502633262602807,-0.45583585762676665,-0.7196539531094248,-0.9055746929622462,0.15715209931821553,0.28713348227475527,-0.35050139799178026,-0.2079145938492294,-0.09724197498048613,-0.13479742498051717,-0.34907635310537405,-0.526394771338589,0.718,2019,Indonesia
0.3576996811881943,0.6425339041022078,0.8875381423504916,0.8981186550124556,0.13499541247792757,-0.44671771088941925,0.1024878430797251,0.7568604296043473,-0.5685253749151263,-0.3294015181940517,0.04153417304563399,0.6137238707874128,0.6544988004171141,-0.4917218829129229,-0.7379556291981617,-0.7695042005746638,-0.7273616471232137,-0.5335649566550702,-0.3105731927910825,0.783,2019,Iran
0.5521701521542465,0.25463361076047114,0.1834610657359144,-0.13571034903773482,-0.6329243164595295,0.3534581962424938,0.48175011825296465,0.7661627371055062,0.33140358709191575,0.6279445851779922,-0.44889411496058446,0.909791514574746,0.7850734080909889,-0.5058439314050371,-0.7645831853763521,-0.841342581930911,-0.7273616471232137,-0.5335649566550702,-0.7111651321055575,0.707,2019,Egypt
-1.2588356343751652,-0.3270522322393973,-0.4698348578567264,-1.064687016198444,-0.32871337639617193,0.6378236736672545,-0.6466140420450587,-1.0674254303452082,0.44488669253019375,1.0827924637764217,-0.48576294236871354,-1.5714993035908686,-1.6884708008593543,2.2338334760651293,-0.07914979014793085,-0.1593864146045404,-0.43615827763572673,2.1107716942239074,0.8665459689422503,0.601,2019,Kenya
-1.5076574395615119,-1.8007441529125259,-1.7362349867734606,-0.8943043673427853,-0.9524724295538715,1.6422157151659844,-0.7808870214542178,-0.8989503056019919,1.9479426484749363,1.5309808878361642,-0.8752814404682574,-1.1116862911925043,-0.7304062202464936,0.7933845298694747,0.695093954778783,0.8834484848065552,1.0883710251839096,0.20438945754371424,-0.7500301577750207,0.539,2019,Nigeria
